epoch,dataset_size,learning_rate,accuracy,loss,val_accuracy,val_loss
1,2500,0.01,0.7039999961853027,0.9885158538818359,0.19599999487400055,2.234952688217163
2,2500,0.01,0.9137142896652222,0.2597084045410156,0.23600000143051147,2.227444887161255
3,2500,0.01,0.9571428298950195,0.14705199003219604,0.2840000092983246,2.2288992404937744
4,2500,0.01,0.980571448802948,0.0866006463766098,0.30000001192092896,2.196744680404663
5,2500,0.01,0.982285737991333,0.06360398977994919,0.2800000011920929,2.167114734649658
6,2500,0.01,0.9954285621643066,0.035064876079559326,0.2720000147819519,2.081474781036377
7,2500,0.01,0.9954285621643066,0.03247690573334694,0.3400000035762787,1.9757070541381836
8,2500,0.01,0.9988571405410767,0.020072823390364647,0.36399999260902405,1.8381054401397705
9,2500,0.01,0.9977142810821533,0.02320849895477295,0.4560000002384186,1.6336448192596436
10,2500,0.01,0.9988571405410767,0.019884048029780388,0.5559999942779541,1.4183510541915894
11,2500,0.01,0.9994285702705383,0.017575135454535484,0.6919999718666077,1.1709359884262085
12,2500,0.01,0.998285710811615,0.015724102035164833,0.7760000228881836,0.9118464589118958
13,2500,0.01,0.9971428513526917,0.01708855666220188,0.8560000061988831,0.7130349278450012
14,2500,0.01,0.9988571405410767,0.01072567980736494,0.8640000224113464,0.5468068718910217
15,2500,0.01,1.0,0.011568369343876839,0.8999999761581421,0.4165988862514496
16,2500,0.01,1.0,0.010006604716181755,0.9240000247955322,0.2840070426464081
17,2500,0.01,1.0,0.008199338801205158,0.9399999976158142,0.2173156887292862
18,2500,0.01,0.9994285702705383,0.008155319839715958,0.9559999704360962,0.162811741232872
19,2500,0.01,0.998285710811615,0.01063494011759758,0.9559999704360962,0.15107372403144836
20,2500,0.01,1.0,0.006312756333500147,0.9599999785423279,0.12989875674247742
21,2500,0.01,0.9994285702705383,0.006341892294585705,0.9639999866485596,0.11682019382715225
22,2500,0.01,1.0,0.0061017172411084175,0.9559999704360962,0.10843633860349655
23,2500,0.01,1.0,0.005536892917007208,0.9599999785423279,0.10572833567857742
24,2500,0.01,1.0,0.005498150363564491,0.9599999785423279,0.11047688126564026
25,2500,0.01,1.0,0.004543431103229523,0.9599999785423279,0.10848026722669601
26,2500,0.01,1.0,0.005101910792291164,0.9599999785423279,0.11026471853256226
27,2500,0.01,0.9994285702705383,0.0054170903749763966,0.9639999866485596,0.10901609063148499
28,2500,0.01,1.0,0.0035016294568777084,0.9599999785423279,0.10845699161291122
29,2500,0.01,1.0,0.0039678108878433704,0.9599999785423279,0.1067318320274353
30,2500,0.01,1.0,0.0034964338410645723,0.9599999785423279,0.11142198741436005
31,2500,0.01,0.9988571405410767,0.005882600322365761,0.9639999866485596,0.10426148027181625
32,2500,0.01,1.0,0.0028026564978063107,0.9639999866485596,0.10578642040491104
33,2500,0.01,1.0,0.003442431567236781,0.9639999866485596,0.10588586330413818
34,2500,0.01,1.0,0.00461379112675786,0.9639999866485596,0.10421165823936462
35,2500,0.01,1.0,0.0036977522540837526,0.9639999866485596,0.10796035081148148
36,2500,0.01,1.0,0.003604346886277199,0.9599999785423279,0.11443998664617538
37,2500,0.01,1.0,0.0034472723491489887,0.9679999947547913,0.11246638000011444
38,2500,0.01,1.0,0.0032417145557701588,0.9639999866485596,0.11455810815095901
39,2500,0.01,1.0,0.0035470351576805115,0.9599999785423279,0.11323089152574539
40,2500,0.01,0.9994285702705383,0.0035237788688391447,0.9599999785423279,0.11825042217969894
41,2500,0.01,1.0,0.0027769957669079304,0.9599999785423279,0.11777673661708832
42,2500,0.01,1.0,0.0031923993956297636,0.9639999866485596,0.11314132809638977
43,2500,0.01,1.0,0.0026714059058576822,0.9639999866485596,0.10888013988733292
44,2500,0.01,1.0,0.0029074838384985924,0.9639999866485596,0.10476898401975632
45,2500,0.01,0.9994285702705383,0.003464396810159087,0.9559999704360962,0.11220115423202515
46,2500,0.01,1.0,0.003260732162743807,0.9599999785423279,0.10861565917730331
47,2500,0.01,1.0,0.002554404316470027,0.9679999947547913,0.10605412721633911
48,2500,0.01,1.0,0.0017751532141119242,0.9639999866485596,0.10632412135601044
49,2500,0.01,1.0,0.0021540650632232428,0.9679999947547913,0.10667780786752701
50,2500,0.01,1.0,0.0023030713200569153,0.9639999866485596,0.10879451036453247
